protocol,model,f1,recall,fpr
temporal_ood,anchor_gnn,0.9955054598782089,0.9917910447761193,0.0
temporal_ood,gcn,0.9909612136716642,0.982089552238806,0.0
congestion_ood,anchor_gnn,0.3122866213359145,0.1887722027745365,0.029833215879727506
congestion_ood,gatv2,0.5039197378447986,0.3415013613380008,0.025135071646699553
congestion_ood,gcn,0.5029668147210489,0.33981589524179956,0.020671834625323
congestion_ood,graphsage,0.11742353039829101,0.06301050175029171,0.014094432699083862
