protocol,model,f1,recall,fpr
temporal_ood,anchor_gnn,0.9955054598782089,0.9917910447761193,0.0
temporal_ood,gcn,0.9909612136716642,0.982089552238806,0.0
congestion_ood,anchor_gnn,0.3310983239023441,0.20210035005834306,0.03171247357293869
congestion_ood,gatv2,0.5055920090497384,0.3428238039673279,0.024101479915433405
congestion_ood,gcn,0.5042190593280333,0.3411901983663944,0.021987315010570822
congestion_ood,graphsage,0.12096998660464842,0.06511085180863477,0.013530655391120507
