{
  "config": {
    "scenario_build": "scenario_e_three_tier_high2",
    "scenario_stress": "scenario_h_mimic_heavy_overlap",
    "epochs": 80,
    "seed": 11,
    "skip_existing": false
  },
  "timings_sec": {
    "graph_build_primary_sec": 22.934265613555908,
    "graph_build_stress_sec": 18.31297516822815,
    "protocol_prepare_sec": 2.2150726318359375,
    "central_train_sec": 20.94441056251526,
    "prediction_export_sec": 2.834517478942871,
    "baseline_eval_sec": 19.294283390045166,
    "federated_sec": 24.177854299545288
  },
  "graph_stats": {
    "primary": {
      "num_nodes": 5976,
      "num_edges": 8142,
      "flow_nodes": 5975,
      "benign_flow_nodes": 2137,
      "attack_flow_nodes": 3838
    },
    "stress": {
      "num_nodes": 6985,
      "num_edges": 9755,
      "flow_nodes": 6984,
      "benign_flow_nodes": 2123,
      "attack_flow_nodes": 4861
    },
    "stress_protocol": {
      "num_nodes": 6985,
      "num_edges": 9755,
      "flow_nodes": 6984,
      "benign_flow_nodes": 2123,
      "attack_flow_nodes": 4861
    }
  },
  "central_metrics": {
    "accuracy": 0.9445557782231129,
    "precision": 0.9414455626715462,
    "recall": 0.9818702290076335,
    "f1": 0.961233068659505,
    "tp": 1029,
    "fp": 64,
    "fn": 19,
    "tn": 385,
    "threshold": 0.19999998807907104,
    "auroc": 0.9871586987198014,
    "auprc": 0.9949636144294639,
    "ece": 0.02307729795575142
  },
  "fed_metrics": {
    "acc": 0.7588510354041417,
    "precision": 0.7845898922949461,
    "recall": 0.9036259541984732,
    "f1": 0.8399113082039912,
    "fpr": 0.579064587973274,
    "auroc": 0.867459919413795,
    "auprc": 0.9492947643800838,
    "ece": 0.13914942741394043
  }
}
